Domain,Phylum,Class,Order,Family,Genus,Species
Bacteria,Proteobacteria,Gammaproteobacteria,Gammaproteobacteria Incertae Sedis,Gammaproteobacteria Incertae Sedis,Acidibacter,uncultured gamma proteobacterium
Bacteria,Proteobacteria,Gammaproteobacteria,Pseudomonadales,Pseudomonadaceae,Pseudomonas,NA
Bacteria,Firmicutes,Bacilli,Bacillales,Bacillaceae,Bacillus,NA
Bacteria,Firmicutes,Bacilli,Bacillales,Bacillaceae,Bacillus,NA
Bacteria,Firmicutes,Bacilli,Bacillales,Listeriaceae,Listeria,Listeria monocytogenes
Bacteria,Proteobacteria,Gammaproteobacteria,Enterobacteriales,Enterobacteriaceae,Escherichia-Shigella,Escherichia coli
Bacteria,Firmicutes,Bacilli,Lactobacillales,Enterococcaceae,Enterococcus,Enterococcus faecalis
Bacteria,Firmicutes,Bacilli,Bacillales,Staphylococcaceae,Staphylococcus,Staphylococcus aureus
Bacteria,Firmicutes,Bacilli,Bacillales,Alicyclobacillaceae,Alicyclobacillus,NA
Bacteria,Firmicutes,Bacilli,Lactobacillales,Lactobacillaceae,Lactobacillus,Lactobacillus fermentum
Bacteria,Proteobacteria,Gammaproteobacteria,Enterobacteriales,Enterobacteriaceae,Raoultella,Raoultella ornithinolytica
Bacteria,Bacteroidetes,Bacteroidia,Flavobacteriales,Weeksellaceae,Chryseobacterium,NA
Bacteria,Proteobacteria,Gammaproteobacteria,Betaproteobacteriales,Burkholderiaceae,Paenalcaligenes,NA
Bacteria,Proteobacteria,Gammaproteobacteria,Pseudomonadales,Moraxellaceae,Acinetobacter,NA
Bacteria,Proteobacteria,Gammaproteobacteria,Pseudomonadales,Pseudomonadaceae,Pseudomonas,NA
Bacteria,Proteobacteria,Gammaproteobacteria,Pseudomonadales,Pseudomonadaceae,Pseudomonas,NA
Bacteria,Proteobacteria,Gammaproteobacteria,Pseudomonadales,Pseudomonadaceae,Pseudomonas,NA
Bacteria,Proteobacteria,Gammaproteobacteria,Pseudomonadales,Moraxellaceae,Psychrobacter,NA
Bacteria,Proteobacteria,Gammaproteobacteria,Betaproteobacteriales,Burkholderiaceae,Massilia,NA
Bacteria,Firmicutes,Bacilli,Bacillales,Alicyclobacillaceae,Alicyclobacillus,uncultured bacterium
Bacteria,Proteobacteria,Alphaproteobacteria,Rhodobacterales,Rhodobacteraceae,Paracoccus,NA
Bacteria,Actinobacteria,Actinobacteria,Micrococcales,Micrococcaceae,Micrococcus,Micrococcus luteus
Bacteria,Proteobacteria,Gammaproteobacteria,Xanthomonadales,Xanthomonadaceae,Stenotrophomonas,uncultured bacterium
Bacteria,Firmicutes,Bacilli,Lactobacillales,Enterococcaceae,Vagococcus,uncultured Vagococcus sp.
Bacteria,Bacteroidetes,Bacteroidia,Flavobacteriales,Flavobacteriaceae,Myroides,NA
Bacteria,Actinobacteria,Thermoleophilia,Solirubrobacterales,Solirubrobacteraceae,Solirubrobacteraceae,NA
Bacteria,Proteobacteria,Gammaproteobacteria,Pseudomonadales,Pseudomonadaceae,Pseudomonas,metagenome
Bacteria,Proteobacteria,Gammaproteobacteria,Xanthomonadales,Rhodanobacteraceae,Rhodanobacter,NA
Bacteria,Proteobacteria,Alphaproteobacteria,Caulobacterales,Caulobacteraceae,Caulobacteraceae,NA
Bacteria,Actinobacteria,Actinobacteria,Frankiales,Acidothermaceae,Acidothermus,uncultured soil bacterium
Bacteria,Firmicutes,Bacilli,Bacillales,Alicyclobacillaceae,Alicyclobacillus,NA
Bacteria,Proteobacteria,Gammaproteobacteria,Betaproteobacteriales,Burkholderiaceae,Burkholderiaceae,NA
Bacteria,Firmicutes,Bacilli,Bacillales,Bacillaceae,Virgibacillus,NA
Bacteria,Firmicutes,Clostridia,Clostridiales,Clostridiales_Family XVII,Clostridiales_Family XVII,uncultured Clostridia bacterium
Bacteria,Firmicutes,Bacilli,Bacillales,Paenibacillaceae,Paenibacillus,uncultured Paenibacillus sp.
Bacteria,Proteobacteria,Gammaproteobacteria,Enterobacteriales,Enterobacteriaceae,Salmonella,NA
Bacteria,Proteobacteria,Gammaproteobacteria,Pseudomonadales,Moraxellaceae,Acinetobacter,Acinetobacter sp. IGCAR-9/07
Bacteria,Proteobacteria,Gammaproteobacteria,Pseudomonadales,Pseudomonadaceae,Pseudomonas,NA
Bacteria,Firmicutes,Bacilli,Bacillales,Alicyclobacillaceae,Alicyclobacillus,NA
Bacteria,Proteobacteria,Alphaproteobacteria,Rhizobiales,Rhizobiaceae,Allorhizobium-Neorhizobium-Pararhizobium-Rhizobium,NA
Bacteria,Proteobacteria,Alphaproteobacteria,Rhizobiales,Xanthobacteraceae,Bradyrhizobium,NA
Bacteria,Firmicutes,Bacilli,Bacillales,Paenibacillaceae,Paenibacillus,NA
Bacteria,Proteobacteria,Gammaproteobacteria,Xanthomonadales,Xanthomonadaceae,Stenotrophomonas,NA
Bacteria,Proteobacteria,Alphaproteobacteria,Caulobacterales,Caulobacteraceae,Caulobacteraceae,NA
Bacteria,Bacteroidetes,Bacteroidia,Flavobacteriales,Flavobacteriaceae,Capnocytophaga,unidentified
Bacteria,Firmicutes,Clostridia,Thermoanaerobacterales,Thermoanaerobacterales_Family III,Thermoanaerobacterium,NA
Bacteria,Firmicutes,Bacilli,Lactobacillales,Lactobacillaceae,Lactobacillus,Lactobacillus fermentum
Bacteria,Actinobacteria,Actinobacteria,Micrococcales,Microbacteriaceae,Okibacterium,NA
Bacteria,Bacteroidetes,Bacteroidia,Bacteroidales,Prevotellaceae,Prevotella,NA
Bacteria,Proteobacteria,Gammaproteobacteria,Betaproteobacteriales,Burkholderiaceae,Alicycliphilus,NA
Bacteria,Proteobacteria,Gammaproteobacteria,Pseudomonadales,Pseudomonadaceae,Pseudomonas,Pseudomonas aeruginosa
Bacteria,Proteobacteria,Alphaproteobacteria,Rhizobiales,Xanthobacteraceae,Xanthobacteraceae,uncultured bacterium
Bacteria,Proteobacteria,Gammaproteobacteria,Aeromonadales,Aeromonadaceae,Aeromonas,Aeromonas salmonicida
Bacteria,Proteobacteria,Gammaproteobacteria,Betaproteobacteriales,Neisseriaceae,Neisseria,NA
Bacteria,Actinobacteria,Actinobacteria,Micrococcales,Micrococcaceae,Rothia,uncultured bacterium
Bacteria,Actinobacteria,Actinobacteria,Corynebacteriales,Corynebacteriaceae,Corynebacterium 1,NA
Bacteria,Firmicutes,Bacilli,Lactobacillales,Streptococcaceae,Streptococcus,Streptococcus pneumoniae
Bacteria,Actinobacteria,Actinobacteria,Corynebacteriales,Corynebacteriaceae,Corynebacterium 1,NA
Bacteria,Firmicutes,Bacilli,Lactobacillales,Enterococcaceae,Enterococcus,uncultured bacterium
Bacteria,Proteobacteria,Alphaproteobacteria,Rhizobiales,Xanthobacteraceae,Rhodoplanes,uncultured bacterium
Bacteria,Proteobacteria,Alphaproteobacteria,Rhizobiales,Rhizobiaceae,Rhizobiaceae,NA
Bacteria,Acidobacteria,Acidobacteriia,Acidobacteriales,Acidobacteriaceae (Subgroup 1),Occallatibacter,NA
Bacteria,Proteobacteria,Gammaproteobacteria,Pseudomonadales,Pseudomonadaceae,Pseudomonas,NA
Bacteria,Proteobacteria,Alphaproteobacteria,Rhizobiales,Xanthobacteraceae,Xanthobacteraceae,NA
Bacteria,Firmicutes,Bacilli,Bacillales,Paenibacillaceae,Paenibacillus,metagenome
Bacteria,Actinobacteria,Actinobacteria,Corynebacteriales,Corynebacteriaceae,Corynebacterium 1,NA
Bacteria,Firmicutes,Bacilli,Bacillales,Alicyclobacillaceae,Alicyclobacillus,uncultured bacterium
Bacteria,Acidobacteria,Acidobacteriia,Acidobacteriales,Acidobacteriales,Acidobacteriales,uncultured bacterium
Bacteria,Bacteroidetes,Bacteroidia,Flavobacteriales,Weeksellaceae,Chryseobacterium,NA
Bacteria,Firmicutes,Bacilli,Bacillales,Bacillaceae,Bacillus,Bacillus subtilis
Bacteria,Firmicutes,Bacilli,Bacillales,Bacillaceae,Bacillus,NA
Bacteria,Actinobacteria,Actinobacteria,Micrococcales,Micrococcaceae,Kocuria,NA
Bacteria,Firmicutes,Bacilli,Bacillales,Alicyclobacillaceae,Alicyclobacillus,Alicyclobacillus contaminans
Bacteria,Proteobacteria,Gammaproteobacteria,Pseudomonadales,Moraxellaceae,Acinetobacter,uncultured bacterium
Bacteria,Firmicutes,Bacilli,Bacillales,Bacillaceae,Bacillus,NA
Bacteria,Bacteroidetes,Bacteroidia,Flavobacteriales,Weeksellaceae,Chryseobacterium,NA
Bacteria,Firmicutes,Bacilli,Lactobacillales,Enterococcaceae,Enterococcus,NA
Bacteria,Proteobacteria,Gammaproteobacteria,Enterobacteriales,Enterobacteriaceae,Escherichia-Shigella,NA
Bacteria,Verrucomicrobia,Verrucomicrobiae,Chthoniobacterales,Chthoniobacteraceae,Candidatus Udaeobacter,NA
Bacteria,Proteobacteria,Gammaproteobacteria,Xanthomonadales,Rhodanobacteraceae,Dyella,NA
Bacteria,Chloroflexi,Chloroflexi_AD3,Chloroflexi_AD3,Chloroflexi_AD3,Chloroflexi_AD3,uncultured bacterium
Bacteria,Firmicutes,Bacilli,Bacillales,Bacillaceae,Bacillus,NA
Bacteria,Acidobacteria,Acidobacteriia,Solibacterales,Solibacteraceae (Subgroup 3),Bryobacter,uncultured Acidobacteria bacterium
Bacteria,Firmicutes,Bacilli,Bacillales,Bacillaceae,Bacillus,Bacillus subtilis
Bacteria,Bacteroidetes,Bacteroidia,Sphingobacteriales,Sphingobacteriaceae,Nubsella,NA
Bacteria,Actinobacteria,Actinobacteria,Micrococcales,Dermabacteraceae,Brachybacterium,NA
Bacteria,Actinobacteria,Actinobacteria,Frankiales,Acidothermaceae,Acidothermus,uncultured bacterium
Bacteria,Bacteroidetes,Bacteroidia,Bacteroidales,Prevotellaceae,Prevotella 9,uncultured bacterium
Bacteria,Proteobacteria,Gammaproteobacteria,Xanthomonadales,Rhodanobacteraceae,Dyella,NA
Bacteria,Firmicutes,Clostridia,Clostridiales,Clostridiales_Family XI,Anaerococcus,uncultured bacterium
Bacteria,Proteobacteria,Gammaproteobacteria,Betaproteobacteriales,Gallionellaceae,Sideroxydans,uncultured bacterium
Bacteria,Actinobacteria,Thermoleophilia,Gaiellales,Gaiellales,Gaiellales,uncultured bacterium
Bacteria,Proteobacteria,Gammaproteobacteria,Gammaproteobacteria Incertae Sedis,Gammaproteobacteria Incertae Sedis,Acidibacter,NA
Bacteria,Bacteroidetes,Bacteroidia,Bacteroidales,Prevotellaceae,Prevotella 6,NA
Bacteria,Proteobacteria,Alphaproteobacteria,Acetobacterales,Acetobacteraceae,Acetobacteraceae,metagenome
Bacteria,Actinobacteria,Actinobacteria,Corynebacteriales,Mycobacteriaceae,Mycobacterium,NA
Bacteria,Actinobacteria,Actinobacteria,Frankiales,Acidothermaceae,Acidothermus,uncultured soil bacterium
Bacteria,Proteobacteria,Gammaproteobacteria,Pseudomonadales,Pseudomonadaceae,Pseudomonas,NA
Bacteria,Proteobacteria,Gammaproteobacteria,Betaproteobacteriales,Burkholderiaceae,Kerstersia,NA
Bacteria,Firmicutes,Bacilli,Bacillales,Bacillaceae,Bacillus,Bacillus alkalitelluris
Bacteria,Acidobacteria,Acidobacteriia,Acidobacteriales,Acidobacteriales,Acidobacteriales,NA
Bacteria,Proteobacteria,Alphaproteobacteria,Rhodobacterales,Rhodobacteraceae,Paracoccus,metagenome
Bacteria,Proteobacteria,Gammaproteobacteria,Pseudomonadales,Pseudomonadaceae,Pseudomonas,NA
Bacteria,Actinobacteria,Actinobacteria,Propionibacteriales,Propionibacteriaceae,Cutibacterium,uncultured bacterium
Bacteria,Bacteroidetes,Bacteroidia,Chitinophagales,Chitinophagaceae,Chitinophagaceae,uncultured soil bacterium
Bacteria,Planctomycetes,Planctomycetacia,Pirellulales,Pirellulaceae,Pirellulaceae,metagenome
Bacteria,Actinobacteria,Actinobacteria,Corynebacteriales,Corynebacteriaceae,Lawsonella,uncultured bacterium
Bacteria,Proteobacteria,Alphaproteobacteria,Rhizobiales,Beijerinckiaceae,Roseiarcus,uncultured bacterium
Bacteria,Firmicutes,Bacilli,Bacillales,Bacillaceae,Bacillus,NA
Bacteria,Patescibacteria,Gracilibacteria,Absconditabacteriales (SR1),Absconditabacteriales (SR1),Absconditabacteriales (SR1),NA
Bacteria,Proteobacteria,Gammaproteobacteria,Pseudomonadales,Pseudomonadaceae,Pseudomonas,NA
Bacteria,Firmicutes,Clostridia,Clostridiales,Clostridiales_Family XI,Anaerococcus,uncultured bacterium
Bacteria,Firmicutes,Bacilli,Bacillales,Alicyclobacillaceae,Alicyclobacillus,NA
Bacteria,Firmicutes,Bacilli,Bacillales,Alicyclobacillaceae,Alicyclobacillus,NA
Bacteria,Firmicutes,Bacilli,Bacillales,Alicyclobacillaceae,Alicyclobacillus,NA
Bacteria,Acidobacteria,Acidobacteria_Subgroup 6,Acidobacteria_Subgroup 5,Acidobacteria_Subgroup 6,Acidobacteria_Subgroup 7,uncultured bacterium
Bacteria,Acidobacteria,Acidobacteria_Subgroup 6,Acidobacteria_Subgroup 6,Acidobacteria_Subgroup 7,Acidobacteria_Subgroup 8,NA
Bacteria,Proteobacteria,Gammaproteobacteria,Pasteurellales,Pasteurellaceae,Actinobacillus,NA
Bacteria,Proteobacteria,Gammaproteobacteria,Enterobacteriales,Enterobacteriaceae,Salmonella,NA
Bacteria,Actinobacteria,Thermoleophilia,Gaiellales,Gaiellales,Gaiellales,uncultured bacterium
Bacteria,Proteobacteria,Gammaproteobacteria,Betaproteobacteriales,Burkholderiaceae,Delftia,NA
Bacteria,Acidobacteria,Holophagae,Holophagales,Holophagaceae,Holophaga,NA
Bacteria,Firmicutes,Clostridia,Clostridiales,Clostridiales_Family XI,Ezakiella,uncultured bacterium
Bacteria,Proteobacteria,Gammaproteobacteria,Gammaproteobacteria_KF-JG30-C25,Gammaproteobacteria_KF-JG30-C26,Gammaproteobacteria_KF-JG30-C27,NA
Bacteria,Actinobacteria,Actinobacteria,Corynebacteriales,Corynebacteriaceae,Corynebacterium 1,NA
Bacteria,Firmicutes,Bacilli,Lactobacillales,Streptococcaceae,Streptococcus,NA
Bacteria,Verrucomicrobia,Verrucomicrobiae,Pedosphaerales,Pedosphaeraceae,Pedosphaeraceae,metagenome
Bacteria,Firmicutes,Bacilli,Lactobacillales,Lactobacillaceae,Lactobacillus,uncultured bacterium
Bacteria,Firmicutes,Clostridia,Clostridiales,Lachnospiraceae,Blautia,uncultured bacterium
Bacteria,Firmicutes,Clostridia,Clostridiales,Lachnospiraceae,Agathobacter,uncultured bacterium
Bacteria,Actinobacteria,Actinobacteria,Micrococcales,Microbacteriaceae,Leifsonia,Leifsonia sp. D24
Bacteria,Firmicutes,Bacilli,Bacillales,Planococcaceae,Sporosarcina,NA
Bacteria,Proteobacteria,Gammaproteobacteria,Diplorickettsiales,Diplorickettsiaceae,Diplorickettsiaceae,uncultured bacterium
Bacteria,Actinobacteria,Actinobacteria,Actinomycetales,Actinomycetaceae,Actinomyces,NA
Bacteria,Actinobacteria,Actinobacteria,Actinomycetales,Actinomycetaceae,Actinomyces,uncultured bacterium
Bacteria,Proteobacteria,Alphaproteobacteria,Rhizobiales,Beijerinckiaceae,Beijerinckiaceae,NA
Bacteria,Bacteroidetes,Ignavibacteria,Ignavibacteria_OPB56,Ignavibacteria_OPB56,Ignavibacteria_OPB56,NA
Bacteria,Proteobacteria,Alphaproteobacteria,Rhizobiales,Xanthobacteraceae,Bradyrhizobium,uncultured bacterium
Bacteria,Actinobacteria,Actinobacteria,Corynebacteriales,Corynebacteriaceae,Corynebacterium 1,NA
Bacteria,Actinobacteria,Acidimicrobiia,Acidimicrobiia_IMCC26256,Acidimicrobiia_IMCC26256,Acidimicrobiia_IMCC26256,uncultured bacterium
Bacteria,Actinobacteria,Thermoleophilia,Gaiellales,Gaiellales,Gaiellales,NA
Bacteria,Actinobacteria,Actinobacteria,Micrococcales,Sanguibacteraceae,Sanguibacter,NA
Bacteria,Epsilonbacteraeota,Campylobacteria,Campylobacterales,Campylobacteraceae,Campylobacter,NA
Bacteria,Proteobacteria,Gammaproteobacteria,Betaproteobacteriales,Burkholderiaceae,Polaromonas,uncultured bacterium
Bacteria,Firmicutes,Bacilli,Bacillales,Staphylococcaceae,Salinicoccus,NA
Bacteria,Proteobacteria,Gammaproteobacteria,Pseudomonadales,Pseudomonadaceae,Pseudomonas,uncultured bacterium
Bacteria,Proteobacteria,Alphaproteobacteria,Rhizobiales,Rhizobiaceae,Allorhizobium-Neorhizobium-Pararhizobium-Rhizobium,NA
Bacteria,Firmicutes,Bacilli,Bacillales,Planococcaceae,Planococcus,NA
Bacteria,Bacteroidetes,Bacteroidia,Sphingobacteriales,Sphingobacteriaceae,Pedobacter,uncultured bacterium
Bacteria,Proteobacteria,Alphaproteobacteria,Sphingomonadales,Sphingomonadaceae,Sphingomonas,NA
Bacteria,Proteobacteria,Alphaproteobacteria,Sphingomonadales,Sphingomonadaceae,Novosphingobium,NA
Bacteria,Proteobacteria,Alphaproteobacteria,Rhizobiales,Beijerinckiaceae,Methylobacterium,Methylobacterium platani
Bacteria,Proteobacteria,Gammaproteobacteria,Betaproteobacteriales,Burkholderiaceae,Ralstonia,NA
Bacteria,Actinobacteria,Actinobacteria,Micrococcales,Micrococcaceae,Arthrobacter,Arthrobacter sp. F7
Bacteria,Firmicutes,Bacilli,Bacillales,Bacillaceae,Bacillus,Bacillus subtilis
Bacteria,Proteobacteria,Alphaproteobacteria,Sphingomonadales,Sphingomonadaceae,Sphingomonas,NA
Bacteria,Acidobacteria,Blastocatellia (Subgroup 4),Blastocatellia_11-24,Blastocatellia_11-24,Blastocatellia_11-24,uncultured bacterium
Bacteria,Proteobacteria,Deltaproteobacteria,Deltaproteobacteria_RCP2-54,uncultured delta proteobacterium,uncultured delta proteobacterium,uncultured delta proteobacterium
Bacteria,Proteobacteria,Gammaproteobacteria,Betaproteobacteriales,Burkholderiaceae,Curvibacter,NA
Bacteria,Proteobacteria,Alphaproteobacteria,Rhizobiales,Beijerinckiaceae,Roseiarcus,uncultured bacterium
Bacteria,Proteobacteria,Gammaproteobacteria,Gammaproteobacteria_WD260,Gammaproteobacteria_WD260,Gammaproteobacteria_WD260,uncultured bacterium
Bacteria,Proteobacteria,Gammaproteobacteria,Pseudomonadales,Moraxellaceae,Alkanindiges,NA
Bacteria,Firmicutes,Bacilli,Lactobacillales,Lactobacillaceae,Lactobacillus,NA
Bacteria,Proteobacteria,Alphaproteobacteria,Rhizobiales,Xanthobacteraceae,Pseudolabrys,uncultured bacterium
Bacteria,Bacteroidetes,Bacteroidia,Cytophagales,Spirosomaceae,Dyadobacter,NA
Bacteria,Firmicutes,Clostridia,Clostridiales,Clostridiales_Family XI,Peptoniphilus,uncultured bacterium
Bacteria,Acidobacteria,Acidobacteriia,Solibacterales,Solibacteraceae (Subgroup 3),Candidatus Solibacter,NA
Bacteria,Acidobacteria,Acidobacteriia,Acidobacteriales,Acidobacteriales,Acidobacteriales,uncultured bacterium
Bacteria,Firmicutes,Clostridia,Clostridiales,Clostridiales_Family XI,Peptoniphilus,uncultured bacterium
Bacteria,Acidobacteria,Acidobacteriia,Acidobacteriales,Acidobacteriales,Acidobacteriales,uncultured bacterium
Bacteria,Actinobacteria,Actinobacteria,Corynebacteriales,Corynebacteriaceae,Corynebacterium 1,NA
Bacteria,Acidobacteria,Acidobacteriia,Acidobacteriales,Acidobacteriales,Acidobacteriales,uncultured bacterium
Bacteria,Firmicutes,Clostridia,Clostridiales,Clostridiales_Family XI,Finegoldia,uncultured bacterium
Bacteria,Firmicutes,Bacilli,Bacillales,Paenibacillaceae,Cohnella,NA
Bacteria,Verrucomicrobia,Verrucomicrobiae,Chthoniobacterales,Xiphinematobacteraceae,Candidatus Xiphinematobacter,uncultured bacterium
Bacteria,Proteobacteria,Alphaproteobacteria,Sphingomonadales,Sphingomonadaceae,Sphingobium,NA
Bacteria,Proteobacteria,Gammaproteobacteria,Xanthomonadales,Xanthomonadaceae,Stenotrophomonas,uncultured bacterium
Bacteria,Bacteroidetes,Bacteroidia,Sphingobacteriales,Sphingobacteriaceae,Sphingobacterium,NA
Bacteria,Proteobacteria,Gammaproteobacteria,Betaproteobacteriales,Neisseriaceae,Neisseriaceae,uncultured bacterium
Bacteria,Proteobacteria,Alphaproteobacteria,Rhizobiales,Devosiaceae,Devosiaceae,NA
Bacteria,Proteobacteria,Alphaproteobacteria,Rhizobiales,Rhizobiaceae,Allorhizobium-Neorhizobium-Pararhizobium-Rhizobium,NA
Bacteria,Acidobacteria,Acidobacteriia,Acidobacteriales,Acidobacteriales,uncultured Acidobacteria bacterium,uncultured Acidobacteria bacterium
Bacteria,Actinobacteria,Thermoleophilia,Gaiellales,Gaiellales,Gaiellales,uncultured bacterium
Bacteria,Actinobacteria,Thermoleophilia,Solirubrobacterales,Solirubrobacteraceae,Conexibacter,NA
Bacteria,Bacteroidetes,Bacteroidia,Sphingobacteriales,Sphingobacteriaceae,Mucilaginibacter,NA
Bacteria,Actinobacteria,Actinobacteria,Actinomycetales,Actinomycetaceae,Actinomyces,NA
Bacteria,Firmicutes,Bacilli,Lactobacillales,Leuconostocaceae,Leuconostoc,NA
Bacteria,Actinobacteria,Actinobacteria,Frankiales,Geodermatophilaceae,Geodermatophilus,NA
Bacteria,Proteobacteria,Alphaproteobacteria,Rhodobacterales,Rhodobacteraceae,Rubellimicrobium,uncultured bacterium
Bacteria,Proteobacteria,Alphaproteobacteria,Rhodobacterales,Rhodobacteraceae,Paracoccus,NA
Bacteria,Firmicutes,Clostridia,Clostridiales,Clostridiales_Family XI,Anaerococcus,uncultured bacterium
Bacteria,Actinobacteria,Actinobacteria,Micrococcales,Micrococcaceae,Rothia,NA
Bacteria,Proteobacteria,Gammaproteobacteria,Pseudomonadales,Moraxellaceae,Acinetobacter,NA
Bacteria,Proteobacteria,Gammaproteobacteria,Betaproteobacteriales,Rhodocyclaceae,Denitratisoma,uncultured bacterium
Bacteria,Planctomycetes,Planctomycetacia,Pirellulales,Pirellulaceae,Pirellula,uncultured bacterium
Bacteria,Proteobacteria,Alphaproteobacteria,Rhizobiales,Beijerinckiaceae,Rhodoblastus,NA
Bacteria,Bacteroidetes,Bacteroidia,Sphingobacteriales,Sphingobacteriaceae,Pedobacter,NA
Bacteria,Firmicutes,Bacilli,Lactobacillales,Streptococcaceae,Lactococcus,Lactococcus lactis
Bacteria,Firmicutes,Clostridia,Clostridiales,Clostridiales_Family XI,Anaerococcus,uncultured bacterium
Bacteria,Acidobacteria,Acidobacteriia,Acidobacteriales,Acidobacteriales,Acidobacteriales,uncultured bacterium
Bacteria,Proteobacteria,Alphaproteobacteria,Rhizobiales,Beijerinckiaceae,Salinarimonas,uncultured bacterium
Bacteria,Proteobacteria,Alphaproteobacteria,Rhizobiales,Beijerinckiaceae,Methylobacterium,Methylobacterium radiotolerans
Bacteria,Proteobacteria,Alphaproteobacteria,Rhizobiales,Rhizobiales_KF-JG30-B3,Rhizobiales_KF-JG30-B3,uncultured bacterium
Bacteria,Proteobacteria,Gammaproteobacteria,Betaproteobacteriales,Burkholderiaceae,Burkholderiaceae,NA
Bacteria,Proteobacteria,Gammaproteobacteria,Betaproteobacteriales,Rhodocyclaceae,Zoogloea,uncultured bacterium
Bacteria,Bacteroidetes,Bacteroidia,Chitinophagales,Chitinophagaceae,Asinibacterium,NA
Archaea,Thaumarchaeota,Nitrososphaeria,Nitrosotaleales,Nitrosotaleaceae,Nitrosotaleaceae,uncultured archaeon
Bacteria,Proteobacteria,Alphaproteobacteria,Micropepsales,Micropepsaceae,Micropepsaceae,uncultured bacterium
Bacteria,Firmicutes,Clostridia,Clostridiales,Clostridiales_Family XI,Finegoldia,uncultured bacterium
Bacteria,Bacteroidetes,Bacteroidia,Bacteroidales,Paludibacteraceae,Paludibacteraceae_F0058,uncultured bacterium
Bacteria,Firmicutes,Clostridia,Clostridiales,Clostridiales_Family XI,Peptoniphilus,uncultured bacterium
Bacteria,Acidobacteria,Acidobacteriia,Acidobacteriales,Acidobacteriales,Acidobacteriales,uncultured bacterium
Bacteria,Proteobacteria,Alphaproteobacteria,Rhizobiales,Rhizobiales,Rhizobiales,NA
Bacteria,Firmicutes,Bacilli,Bacillales,Alicyclobacillaceae,Alicyclobacillus,NA
Bacteria,Proteobacteria,Gammaproteobacteria,Vibrionales,Vibrionaceae,Vibrio,NA
Bacteria,Acidobacteria,Acidobacteriia,Acidobacteriales,Acidobacteriaceae (Subgroup 1),Granulicella,NA
Bacteria,Proteobacteria,Alphaproteobacteria,Rhizobiales,Beijerinckiaceae,Methylobacterium,uncultured bacterium
Bacteria,Firmicutes,Clostridia,Clostridiales,Clostridiaceae 1,Clostridium sensu stricto 12,uncultured bacterium
Bacteria,Acidobacteria,Acidobacteria_Subgroup 6,Acidobacteria_Subgroup 5,Acidobacteria_Subgroup 6,Acidobacteria_Subgroup 7,uncultured bacterium
Bacteria,Proteobacteria,Gammaproteobacteria,Xanthomonadales,Xanthomonadaceae,Xanthomonas,NA
Bacteria,Acidobacteria,Acidobacteriia,Solibacterales,Solibacteraceae (Subgroup 3),Bryobacter,uncultured bacterium
Bacteria,Firmicutes,Bacilli,Bacillales,Staphylococcaceae,Staphylococcus,uncultured bacterium
Bacteria,Proteobacteria,Alphaproteobacteria,Acetobacterales,Acetobacteraceae,Roseomonas,NA
Bacteria,Proteobacteria,Gammaproteobacteria,Betaproteobacteriales,Burkholderiaceae,Lautropia,NA
Bacteria,Actinobacteria,Actinobacteria,Corynebacteriales,Corynebacteriaceae,Turicella,uncultured bacterium
Bacteria,Proteobacteria,Deltaproteobacteria,Myxococcales,Myxococcales,Myxococcales,NA
Bacteria,Firmicutes,Clostridia,Clostridiales,Clostridiales_Family XI,Peptoniphilus,NA
Bacteria,Fusobacteria,Fusobacteriia,Fusobacteriales,Fusobacteriaceae,Fusobacterium,uncultured organism
Bacteria,Firmicutes,Negativicutes,Selenomonadales,Veillonellaceae,Negativicoccus,uncultured bacterium
Bacteria,Firmicutes,Bacilli,Lactobacillales,Lactobacillaceae,Lactobacillus,uncultured Bacillus sp.
Bacteria,Firmicutes,Bacilli,Lactobacillales,Lactobacillaceae,Lactobacillus,Lactobacillus casei
Bacteria,Firmicutes,Bacilli,Bacillales,Bacillaceae,Anaerobacillus,NA
Bacteria,Firmicutes,Bacilli,Lactobacillales,Lactobacillaceae,Lactobacillus,uncultured bacterium
Bacteria,Proteobacteria,Gammaproteobacteria,Enterobacteriales,Enterobacteriaceae,Escherichia-Shigella,uncultured bacterium
Bacteria,Firmicutes,Bacilli,Lactobacillales,Lactobacillaceae,Lactobacillus,Lactobacillus fermentum
Bacteria,Proteobacteria,Gammaproteobacteria,Enterobacteriales,Enterobacteriaceae,Escherichia-Shigella,uncultured bacterium
Bacteria,Firmicutes,Bacilli,Lactobacillales,Enterococcaceae,Enterococcus,NA
Bacteria,Firmicutes,Bacilli,Lactobacillales,Streptococcaceae,Streptococcus,uncultured bacterium
Bacteria,Firmicutes,Bacilli,Lactobacillales,Carnobacteriaceae,Carnobacterium,NA
Bacteria,Proteobacteria,Gammaproteobacteria,Enterobacteriales,Enterobacteriaceae,Escherichia-Shigella,uncultured Escherichia sp.
Bacteria,Proteobacteria,Gammaproteobacteria,Enterobacteriales,Enterobacteriaceae,Escherichia-Shigella,uncultured bacterium
Bacteria,Proteobacteria,Gammaproteobacteria,Enterobacteriales,Enterobacteriaceae,Escherichia-Shigella,uncultured bacterium
Bacteria,Proteobacteria,Gammaproteobacteria,Enterobacteriales,Enterobacteriaceae,Escherichia-Shigella,metagenome
Bacteria,Firmicutes,Bacilli,Bacillales,Bacillaceae,Anaerobacillus,NA
Bacteria,Firmicutes,Clostridia,Clostridiales,Ruminococcaceae,Fastidiosipila,uncultured bacterium
Bacteria,Firmicutes,Bacilli,Lactobacillales,Enterococcaceae,Enterococcus,Enterococcus durans
Bacteria,Firmicutes,Bacilli,Bacillales,Staphylococcaceae,Staphylococcus,Staphylococcus hominis subsp. hominis
Bacteria,Firmicutes,Bacilli,Bacillales,Bacillaceae,Bacillaceae,NA
Bacteria,Firmicutes,Bacilli,Bacillales,Bacillaceae,Bacillus,NA
Bacteria,Firmicutes,Bacilli,Lactobacillales,Enterococcaceae,Enterococcus,NA
Bacteria,Firmicutes,Bacilli,Bacillales,Bacillaceae,Virgibacillus,NA
Bacteria,Firmicutes,Bacilli,Lactobacillales,Enterococcaceae,Enterococcus,Enterococcus faecalis
Bacteria,Firmicutes,Bacilli,Bacillales,Staphylococcaceae,Staphylococcus,NA
Bacteria,Firmicutes,Bacilli,Bacillales,Bacillaceae,Bacillus,Bacillus aerius
Bacteria,Firmicutes,Bacilli,Lactobacillales,Lactobacillaceae,Lactobacillus,Lactobacillus fermentum
Bacteria,Firmicutes,Bacilli,Bacillales,Planococcaceae,Planococcaceae,NA
Bacteria,Firmicutes,Bacilli,Bacillales,Bacillaceae,Bacillus,NA
Bacteria,Firmicutes,Bacilli,Bacillales,Bacillaceae,Bacillus,NA
Bacteria,Firmicutes,Bacilli,Bacillales,Staphylococcaceae,Staphylococcus,Staphylococcus hominis subsp. hominis
Bacteria,Firmicutes,Bacilli,Bacillales,Bacillaceae,Bacillus,uncultured bacterium
Bacteria,Firmicutes,Bacilli,Bacillales,Listeriaceae,Listeria,Listeria monocytogenes
Bacteria,Firmicutes,Bacilli,Lactobacillales,Enterococcaceae,Enterococcus,NA
Bacteria,Firmicutes,Bacilli,Bacillales,Staphylococcaceae,Staphylococcus,uncultured bacterium
Bacteria,Proteobacteria,Gammaproteobacteria,Enterobacteriales,Enterobacteriaceae,Escherichia-Shigella,uncultured bacterium
Bacteria,Firmicutes,Clostridia,Clostridiales,Lachnospiraceae,Lachnospiraceae,uncultured bacterium
Bacteria,Firmicutes,Bacilli,Bacillales,Staphylococcaceae,Staphylococcus,uncultured Staphylococcus sp.
Bacteria,Proteobacteria,Gammaproteobacteria,Enterobacteriales,Enterobacteriaceae,Escherichia-Shigella,NA
Bacteria,Proteobacteria,Gammaproteobacteria,Enterobacteriales,Enterobacteriaceae,Escherichia-Shigella,uncultured Escherichia sp.
Bacteria,Proteobacteria,Alphaproteobacteria,Caulobacterales,Caulobacteraceae,Phenylobacterium,NA
Bacteria,Firmicutes,Bacilli,Bacillales,Bacillaceae,Bacillus,uncultured bacterium
Bacteria,Proteobacteria,Gammaproteobacteria,Enterobacteriales,Enterobacteriaceae,Escherichia-Shigella,uncultured bacterium
Bacteria,Firmicutes,Bacilli,Bacillales,Bacillaceae,Bacillus,Bacillus cereus
Bacteria,Firmicutes,Bacilli,Lactobacillales,Lactobacillaceae,Lactobacillus,NA